A,C,B,DRB345,DRB1,DQB1,AAFA_freq,AAFA_rank,AFA_freq,AFA_rank,AFB_freq,AFB_rank,AINDI_freq,AINDI_rank,AISC_freq,AISC_rank,ALANAM_freq,ALANAM_rank,AMIND_freq,AMIND_rank,API_freq,API_rank,CARB_freq,CARB_rank,CARHIS_freq,CARHIS_rank,CARIBI_freq,CARIBI_rank,CAU_freq,CAU_rank,EURCAU_freq,EURCAU_rank,FILII_freq,FILII_rank,HAWI_freq,HAWI_rank,HIS_freq,HIS_rank,JAPI_freq,JAPI_rank,KORI_freq,KORI_rank,MENAFC_freq,MENAFC_rank,MSWHIS_freq,MSWHIS_rank,NAM_freq,NAM_rank,NCHI_freq,NCHI_rank,SCAHIS_freq,SCAHIS_rank,SCAMB_freq,SCAMB_rank,SCSEAI_freq,SCSEAI_rank,VIET_freq,VIET_rank
A*26:01g,C*07:02g,B*39:06,DRB3*01:01,DRB1*03:01,DQB1*02:01g,0,NA,0,NA,0,NA,0,NA,0,NA,0,NA,0,NA,0,NA,0,NA,0,NA,0,NA,1.2388E-06,23722,0,NA,0,NA,0,NA,0,NA,0,NA,0,NA,0,NA,0,NA,0,NA,0,NA,0,NA,0,NA,0,NA,0,NA
A*02:01g,C*02:02g,B*27:05g,DRB5*01:01,DRB1*15:01,DQB1*05:02,0,NA,0,NA,0,NA,0,NA,0,NA,0,NA,0,NA,0,NA,0,NA,0,NA,0,NA,0,NA,0,NA,0,NA,0,NA,5.4815E-06,13478,0,NA,0,NA,0,NA,7.92709E-06,9184,0,NA,0,NA,0,NA,0,NA,0,NA,0,NA
A*11:01g,C*16:01,B*44:03,DRB4*01:01g,DRB1*04:07g,DQB1*03:02g,0,NA,0,NA,0,NA,0,NA,0,NA,0,NA,0,NA,0,NA,0,NA,0,NA,0,NA,0,NA,0,NA,0,NA,0,NA,5.61701E-06,13258,0,NA,0,NA,0,NA,0,NA,0,NA,0,NA,0,NA,0,NA,0,NA,0,NA
A*01:01g,C*05:01g,B*18:01g,DRB3*02:02g,DRB1*03:01,DQB1*02:01g,0.000115615,1500,0.000108626,1558,0,NA,0,NA,0.000349128,476,0,NA,0.000148515,1042,3.98322E-06,15821,8.66558E-05,2125,3.13781E-05,3632,0,NA,0.000282011,499,0.000283587,498,0,NA,0,NA,0.000249533,642,0,NA,0,NA,0.000213893,747,0.000285278,578,0.000173789,913,0,NA,0.000342555,423,0,NA,0,NA,0,NA
A*02:11g,C*07:01g,B*44:03,DRB3*02:02g,DRB1*03:01,DQB1*02:01g,0,NA,0,NA,0,NA,5.53793E-05,2479,0,NA,0,NA,0,NA,2.17443E-05,5521,0,NA,0,NA,0,NA,0,NA,0,NA,0,NA,0,NA,0,NA,0,NA,0,NA,0,NA,0,NA,0,NA,0,NA,0,NA,0,NA,0,NA,0,NA
A*01:01g,C*06:02g,B*35:02,DRB3*02:02g,DRB1*13:01,DQB1*06:03g,0,NA,0,NA,0,NA,0,NA,0,NA,0,NA,0,NA,0,NA,0,NA,0,NA,0,NA,2.27758E-06,17316,0,NA,0,NA,0,NA,0,NA,0,NA,0,NA,0,NA,0,NA,0,NA,0,NA,0,NA,0,NA,0,NA,0,NA
A*01:01g,C*07:01g,B*57:01g,DRB4*01:01g,DRB1*04:02,DQB1*03:02g,0,NA,0,NA,0,NA,0,NA,0,NA,0,NA,0,NA,0,NA,0,NA,0,NA,0,NA,0,NA,0,NA,0,NA,0,NA,7.90852E-06,10665,0,NA,0,NA,0,NA,0,NA,0,NA,0,NA,0,NA,0,NA,0,NA,0,NA
A*32:01,C*04:01g,B*35:02,DRB5*02:02,DRB1*16:01,DQB1*05:02,0,NA,0,NA,0,NA,0,NA,0,NA,0,NA,0,NA,0,NA,0,NA,0,NA,0,NA,2.20362E-06,17598,0,NA,0,NA,0,NA,0,NA,0,NA,0,NA,0,NA,0,NA,0,NA,0,NA,0,NA,0,NA,0,NA,0,NA
A*74:01g,C*06:02g,B*58:02,DRB3*01:01,DRB1*03:02,DQB1*04:02,1.39568E-05,9054,1.31888E-05,9448,0,NA,0,NA,0,NA,0,NA,0,NA,0,NA,0,NA,0,NA,0,NA,0,NA,0,NA,0,NA,0,NA,0,NA,0,NA,0,NA,0,NA,0,NA,0,NA,0,NA,0,NA,0,NA,0,NA,0,NA
A*26:01g,C*03:02,B*58:01g,DRB3*02:02g,DRB1*14:01g,DQB1*05:03g,0,NA,0,NA,0,NA,0,NA,0,NA,0,NA,0,NA,0,NA,0,NA,0,NA,0,NA,2.82527E-06,15482,3.01933E-06,13218,0,NA,0,NA,0,NA,0,NA,0,NA,0,NA,0,NA,0,NA,0,NA,0,NA,0,NA,0,NA,0,NA
A*29:01,C*04:01g,B*35:08,DRB4*01:01g,DRB1*07:01,DQB1*03:03g,0,NA,0,NA,0,NA,0,NA,0,NA,0,NA,0,NA,0,NA,0,NA,0,NA,0,NA,6.81162E-07,31796,0,NA,0,NA,0,NA,0,NA,0,NA,0,NA,0,NA,0,NA,0,NA,0,NA,0,NA,0,NA,0,NA,0,NA
A*32:01,C*07:02g,B*39:06,DRB4*01:01g,DRB1*04:04,DQB1*03:02g,0,NA,0,NA,0,NA,0,NA,0,NA,0,NA,0,NA,0,NA,0,NA,0.000411359,377,0.00046198,322,3.99946E-06,12875,3.38518E-06,12440,0,NA,0,NA,0.000100108,1628,0,NA,0,NA,0,NA,9.33076E-06,8364,0,NA,0,NA,5.71424E-05,2839,0,NA,0,NA,0,NA
A*02:06g,C*06:02g,B*13:02g,DRB4*01:01g,DRB1*04:05,DQB1*04:01g,0,NA,0,NA,0,NA,0,NA,0,NA,0,NA,0,NA,8.62945E-06,10040,0,NA,0,NA,0,NA,0,NA,0,NA,0,NA,0,NA,0,NA,0,NA,0,NA,0,NA,0,NA,0,NA,0,NA,0,NA,0,NA,0,NA,0,NA
A*01:01g,C*04:01g,B*35:08,DRB5*02:02,DRB1*16:01,DQB1*05:02,0,NA,0,NA,0,NA,0,NA,0,NA,0,NA,0,NA,0,NA,0,NA,0,NA,0,NA,8.7769E-06,8034,3.73511E-06,11871,0,NA,0,NA,0,NA,0,NA,0,NA,6.80484E-05,2465,0,NA,0,NA,0,NA,0,NA,0,NA,0,NA,0,NA
A*02:01g,C*15:02g,B*40:06,DRBX*NNNN,DRB1*10:01,DQB1*05:01,0,NA,0,NA,0,NA,0.000145186,1102,0,NA,0,NA,0,NA,4.40022E-05,3255,0,NA,0,NA,0,NA,0,NA,0,NA,0,NA,0,NA,0,NA,0,NA,0,NA,0,NA,0,NA,0,NA,0,NA,0,NA,0,NA,0,NA,0,NA
A*30:02g,C*07:01g,B*57:03,DRB3*03:01,DRB1*13:02,DQB1*05:01,3.61363E-05,4483,3.15285E-05,4992,0,NA,0,NA,0,NA,0,NA,0,NA,0,NA,0,NA,0,NA,0,NA,0,NA,0,NA,0,NA,0,NA,3.56099E-06,17342,0,NA,0,NA,0,NA,0,NA,0,NA,0,NA,0,NA,0,NA,0,NA,0,NA
A*02:16g,C*07:02g,B*07:02g,DRB5*01:01,DRB1*15:01,DQB1*06:01,0,NA,0,NA,0,NA,1.4505E-05,6054,0,NA,0,NA,0,NA,4.12931E-06,15523,0,NA,0,NA,0,NA,0,NA,0,NA,0,NA,0,NA,0,NA,0,NA,0,NA,0,NA,0,NA,0,NA,0,NA,0,NA,0,NA,0,NA,0,NA
A*31:01g,C*03:04g,B*40:02g,DRB3*02:02g,DRB1*11:01g,DQB1*03:01g,0,NA,0,NA,0,NA,0,NA,0,NA,0,NA,0,NA,0.000307301,481,0,NA,0,NA,0,NA,5.32256E-06,10839,0,NA,0,NA,0,NA,4.59117E-06,14975,0.001293972,124,0.001122412,116,0,NA,1.0814E-05,7648,0,NA,0.000389445,391,0,NA,0,NA,9.30225E-05,1825,0.000121953,1011
A*68:01g,C*16:01,B*44:03,DRB4*01:01g,DRB1*04:05,DQB1*03:02g,0,NA,0,NA,0,NA,0,NA,0,NA,0,NA,0,NA,0,NA,0,NA,0,NA,0,NA,8.05705E-07,29353,0,NA,0,NA,0,NA,3.85337E-06,16592,0,NA,0,NA,0,NA,0,NA,0,NA,0,NA,0,NA,0,NA,0,NA,0,NA